Dataset	Prefix	Mantel Statistic	P-value
Phylum	AS	-0.07315625852454978	0.563
Genus	AS	-0.02850468744226093	0.805
Order	AS	-0.09780514980075208	0.444
Phylum	ES	-0.009897224801087528	0.985
Genus	ES	0.39694271950902305	0.12
Order	ES	0.14668854359810826	0.606
